block,timestamp,time,minPrice,maxPrice,minRate,maxRate,move,move24hAbs,error
24067873,1766403167,2025-12-22 11:32:47 UTC,328778653059614,328778653059614,1071214941500826583,1071214941500826583,0,0,OK
24031873,1765968947,2025-12-17 10:55:47 UTC,342428203167724,342428203167724,1070467091102665232,1070467091102665232,8303185125364613,0,OK
24024673,1765882151,2025-12-16 10:49:11 UTC,339111798377689,339111798377689,1070318220753763261,1070318220753763261,-9684963911721370,0,OK
24017473,1765795307,2025-12-15 10:41:47 UTC,314980470464705,314980470464705,1070157995508268103,1070157995508268103,-71160390256040291,71160390256040291,OK
23995873,1765534307,2025-12-12 10:11:47 UTC,307524200770741,307524200770741,1069664178665336898,1069664178665336898,-7890721693489363,0,OK
23988673,1765446851,2025-12-11 09:54:11 UTC,312264825553255,312264825553255,1069480686876486653,1069480686876486653,15415452737159152,0,OK
23981473,1765359551,2025-12-10 09:39:11 UTC,300794398005131,300794398005131,1069320213954837472,1069320213954837472,-36733011884387803,0,OK
23974273,1765271867,2025-12-09 09:17:47 UTC,320311104312554,320311104312554,1069179672429345573,1069179672429345573,64883875620217105,71227264592818423,OK
23967073,1765184615,2025-12-08 09:03:35 UTC,318039880110235,318039880110235,1068991480540989910,1068991480540989910,-7090682064218352,0,OK
23959873,1765097423,2025-12-07 08:50:23 UTC,329220198219925,329220198219925,1068867795718137130,1068867795718137130,35153824438038456,0,OK
23952673,1765009943,2025-12-06 08:32:23 UTC,330429668483550,330429668483550,1068712309388081627,1068712309388081627,3673742589806267,0,OK
23945473,1764922079,2025-12-05 08:07:59 UTC,315225180792674,315225180792674,1068544541069302982,1068544541069302982,-46014293331026767,0,OK
23938273,1764833435,2025-12-04 07:30:35 UTC,313362015653269,313362015653269,1068394159629658325,1068394159629658325,-5910584727780418,0,OK
23931073,1764742631,2025-12-03 06:17:11 UTC,325556930411772,325556930411772,1068237001372733971,1068237001372733971,38916378339857613,0,OK
23923873,1764655427,2025-12-02 06:03:47 UTC,356859741707172,356859741707172,1068089286729931728,1068089286729931728,96151574029794033,100917670397730218,OK
23916673,1764568379,2025-12-01 05:52:59 UTC,354607464430389,354607464430389,1067957896669227336,1067957896669227336,-6311379552113079,0,OK
23909473,1764481499,2025-11-30 05:44:59 UTC,333465608024516,333465608024516,1067815939308449168,1067815939308449168,-59620449444947427,74110552822003300,OK
23887873,1764220175,2025-11-27 05:09:35 UTC,327894783918021,327894783918021,1067357668953863788,1067357668953863788,-5568614346266097,0,OK
23880673,1764132839,2025-11-26 04:53:59 UTC,341122827618968,341122827618968,1067167237289562336,1067167237289562336,40342342573690421,0,OK
23873473,1764045251,2025-11-25 04:34:11 UTC,342066607818438,342066607818438,1066986661200774047,1066986661200774047,2766687313357393,0,OK
23866273,1763957675,2025-11-24 04:14:35 UTC,350256127317046,350256127317046,1066835062922878561,1066835062922878561,23941300645618207,0,OK
23859073,1763870411,2025-11-23 04:00:11 UTC,355479798968053,355479798968053,1066670803224532371,1066670803224532371,14913862295629790,0,OK
23851873,1763782763,2025-11-22 03:39:23 UTC,363859767248603,363859767248603,1066483359269934404,1066483359269934404,23573683525412110,0,OK
23844673,1763695283,2025-11-21 03:21:23 UTC,358738492099771,358738492099771,1066371218326652235,1066371218326652235,-14074859629459796,0,OK
23837473,1763607983,2025-11-20 03:06:23 UTC,329634830534733,329634830534733,1066131645873375858,1066131645873375858,-81127791430153526,84988522990617941,OK
23830273,1763520731,2025-11-19 02:52:11 UTC,321481598819407,321481598819407,1065948779636570229,1065948779636570229,-24734132925515920,0,OK
23815873,1763345975,2025-11-17 02:19:35 UTC,318219767726115,318219767726115,1065526041967405516,1065526041967405516,-5073122544603775,0,OK
23801473,1763172059,2025-11-15 02:00:59 UTC,316109576223502,316109576223502,1065049497342195458,1065049497342195458,-3315619764434617,0,OK
23794273,1763085203,2025-11-14 01:53:23 UTC,313248860557269,313248860557269,1064866910225923893,1064866910225923893,-9049759581501450,0,OK
23787073,1762998035,2025-11-13 01:40:35 UTC,291074557078191,291074557078191,1064608039470517849,1064608039470517849,-70788137711434817,99918378426978426,OK
23779873,1762910999,2025-11-12 01:29:59 UTC,291277741511648,291277741511648,1064319304203277828,1064319304203277828,698049446494283,0,OK
23743873,1762475951,2025-11-07 00:39:11 UTC,300698633116646,300698633116646,1063028211135149467,1063028211135149467,6468665649566130,0,OK
23729473,1762301843,2025-11-05 00:17:23 UTC,304725277363994,304725277363994,1062581324567862078,1062581324567862078,6695481461975914,0,OK
23722273,1762214855,2025-11-04 00:07:35 UTC,278548195592450,278548195592450,1062412996857922275,1062412996857922275,-85903873803929647,100479560978888019,OK
23715073,1762127939,2025-11-02 23:58:59 UTC,256655065857689,256655065857689,1062243930641221355,1062243930641221355,-78597277172074453,78597277172074453,OK
23707873,1762041047,2025-11-01 23:50:47 UTC,258240452850458,258240452850458,1062037191065041680,1062037191065041680,6177111632186020,0,OK
23700673,1761954083,2025-10-31 23:41:23 UTC,259324348143511,259324348143511,1061804730400821575,1061804730400821575,4197232777006717,0,OK
23693473,1761866939,2025-10-30 23:28:59 UTC,265149305573968,265149305573968,1061545494404203252,1061545494404203252,22462053687428718,0,OK
23686273,1761779831,2025-10-29 23:17:11 UTC,255150590701492,255150590701492,1061340270965938586,1061340270965938586,-37709753192948435,0,OK
23679073,1761692783,2025-10-28 23:06:23 UTC,250273981184051,250273981184051,1061100373249795847,1061100373249795847,-19112671869712759,0,OK
23671873,1761605531,2025-10-27 22:52:11 UTC,242136337915981,242136337915981,1060815572663298412,1060815572663298412,-32514939146173541,0,OK
23664673,1761518399,2025-10-26 22:39:59 UTC,241066671809422,241066671809422,1060568444960538528,1060568444960538528,-4417619080908724,0,OK
23657473,1761431519,2025-10-25 22:31:59 UTC,253322322256392,253322322256392,1060297981050500317,1060297981050500317,50839256853634433,56647999650216527,OK
23650273,1761344531,2025-10-24 22:22:11 UTC,253894100770568,253894100770568,1060032923988026282,1060032923988026282,2257118555850332,0,OK
23643073,1761257387,2025-10-23 22:09:47 UTC,260827605993818,260827605993818,1059772208679580809,1059772208679580809,27308650347553676,0,OK
23635873,1761170135,2025-10-22 21:55:35 UTC,267413356067034,267413356067034,1059531112227968164,1059531112227968164,25249436493206520,0,OK
23599873,1760734199,2025-10-17 20:49:59 UTC,259885843672213,259885843672213,1058083619704750012,1058083619704750012,-5629870179658518,0,OK
23592673,1760647259,2025-10-16 20:40:59 UTC,260744196217701,260744196217701,1057889274652256635,1057889274652256635,3302806083468774,0,OK
23585473,1760560103,2025-10-15 20:28:23 UTC,250932178854936,250932178854936,1057588145667017524,1057588145667017524,-37630817886250221,0,OK
23578273,1760473091,2025-10-14 20:18:11 UTC,244421686070272,244421686070272,1057268782342247741,1057268782342247741,-25945228764094536,0,OK
23563873,1760299007,2025-10-12 19:56:47 UTC,241401868933269,241401868933269,1056782445190289315,1056782445190289315,-6177473827209410,0,OK
23556673,1760212163,2025-10-11 19:49:23 UTC,265835143476928,265835143476928,1056510321166504362,1056510321166504362,101214106798871215,114783877027077378,OK
23549473,1760125223,2025-10-10 19:40:23 UTC,251077781636312,251077781636312,1056251142342975569,1056251142342975569,-55513208854181467,61793236527580085,OK
23542273,1760038175,2025-10-09 19:29:35 UTC,230954979430395,230954979430395,1055975404626627087,1055975404626627087,-80145690609394606,92359488933138807,OK
23535073,1759951235,2025-10-08 19:20:35 UTC,221473641314578,221473641314578,1055679899697280992,1055679899697280992,-41052754693580777,0,OK
23527873,1759864187,2025-10-07 19:09:47 UTC,222945059648950,222945059648950,1055364670397809678,1055364670397809678,6643762777539826,0,OK
23491873,1759429475,2025-10-02 18:24:35 UTC,223289106404949,223289106404949,1053817658036749499,1053817658036749499,308638151965095,0,OK
23484673,1759342499,2025-10-01 18:14:59 UTC,232794916766556,232794916766556,1053493134837786158,1053493134837786158,42571760506612481,0,OK
23477473,1759255439,2025-09-30 18:03:59 UTC,243655981719745,243655981719745,1053039995157422461,1053039995157422461,46655077800003459,0,OK
23455873,1758994619,2025-09-27 17:36:59 UTC,250367926083937,250367926083937,1052052162331896009,1052052162331896009,9182269083947123,0,OK
23419873,1758559883,2025-09-22 16:51:23 UTC,239182088738878,239182088738878,1050425335947171067,1050425335947171067,-8935519433354971,0,OK
23412673,1758472787,2025-09-21 16:39:47 UTC,222805988766523,222805988766523,1050114989871199098,1050114989871199098,-68467083211374000,70604468813880876,OK
23405473,1758385787,2025-09-20 16:29:47 UTC,222313517590656,222313517590656,1049764047063718765,1049764047063718765,-2210313908496677,0,OK
23383873,1758125039,2025-09-17 16:03:59 UTC,222446591360152,222446591360152,1048703398568744648,1048703398568744648,199528682043568,0,OK
23347873,1757690819,2025-09-12 15:26:59 UTC,220040932014173,220040932014173,1046965677945649317,1046965677945649317,-2162909605644726,0,OK
23340673,1757603963,2025-09-11 15:19:23 UTC,226008731452737,226008731452737,1046598187578023400,1046598187578023400,27121315038692935,0,OK
23333473,1757516915,2025-09-10 15:08:35 UTC,226840698850825,226840698850825,1046286286637569260,1046286286637569260,3681129453452028,0,OK
23311873,1757256011,2025-09-07 14:40:11 UTC,232427174929735,232427174929735,1045378232453274571,1045378232453274571,8209103138915089,0,OK
23275873,1756821587,2025-09-02 13:59:47 UTC,227688327856495,227688327856495,1043855237203997877,1043855237203997877,-4077704833501159,0,OK
23239873,1756387223,2025-08-28 13:20:23 UTC,217695604943431,217695604943431,1042157973314408673,1042157973314408673,-8777545170749471,0,OK
23203873,1755953171,2025-08-23 12:46:11 UTC,211680509337174,211680509337174,1040101678187443022,1040101678187443022,-5526152544806813,0,OK
23196673,1755866375,2025-08-22 12:39:35 UTC,237553954441902,237553954441902,1039786457952449213,1039786457952449213,122228754955968297,122228754955968297,OK
23189473,1755779495,2025-08-21 12:31:35 UTC,233604141028471,233604141028471,1039447030302041601,1039447030302041601,-16627016050776778,0,OK
23167873,1755519239,2025-08-18 12:13:59 UTC,232458944437872,232458944437872,1038374768312141687,1038374768312141687,-1634098587403932,0,OK
23153473,1755345779,2025-08-16 12:02:59 UTC,227960234616673,227960234616673,1037589690708734676,1037589690708734676,-9676353456903322,0,OK
23146273,1755258947,2025-08-15 11:55:47 UTC,215834480853323,215834480853323,1037169977256879299,1037169977256879299,-53192407806300455,53192407806300455,OK
23131873,1755085007,2025-08-13 11:36:47 UTC,213052444989858,213052444989858,1036372952781121860,1036372952781121860,-6444836460944390,0,OK
23124673,1754998187,2025-08-12 11:29:47 UTC,233773763103019,233773763103019,1035957918184928225,1035957918184928225,97259236401381843,97259236401381843,OK
23117473,1754911271,2025-08-11 11:21:11 UTC,236513425874996,236513425874996,1035572526917640864,1035572526917640864,11719291059919715,0,OK
23110273,1754824283,2025-08-10 11:11:23 UTC,238528564988300,238528564988300,1035225214080042834,1035225214080042834,8520189100677344,0,OK
23103073,1754737367,2025-08-09 11:02:47 UTC,237154190494343,237154190494343,1034782668736392445,1034782668736392445,-5761886397230513,0,OK
23095873,1754650403,2025-08-08 10:53:23 UTC,256527338118423,256527338118423,1034375151410223135,1034375151410223135,81690091934268902,81690091934268902,OK
23088673,1754563511,2025-08-07 10:45:11 UTC,261850708437091,261850708437091,1034108452236416769,1034108452236416769,20751668643637993,0,OK
23081473,1754476607,2025-08-06 10:36:47 UTC,276237702732578,276237702732578,1033748508578004178,1033748508578004178,54943499604636130,65400302409795723,OK
23074273,1754389787,2025-08-05 10:29:47 UTC,272273099818881,272273099818881,1033458991868816837,1033458991868816837,-14352142645550013,0,OK
23067073,1754302943,2025-08-04 10:22:23 UTC,282016904824037,282016904824037,1033043278053535222,1033043278053535222,35786880935493385,0,OK
23059873,1754216087,2025-08-03 10:14:47 UTC,288487585597321,288487585597321,1032662124138132567,1032662124138132567,22944301077700813,0,OK
23052673,1754129255,2025-08-02 10:07:35 UTC,286647939001318,286647939001318,1032277941751880894,1032277941751880894,-6376865722640939,0,OK
23045473,1754042159,2025-08-01 09:55:59 UTC,274947347582937,274947347582937,1031903487727539764,1031903487727539764,-40818683222164040,0,OK
23038273,1753955039,2025-07-31 09:43:59 UTC,258931056473148,258931056473148,1031195195827402396,1031195195827402396,-58252211743769365,58863409357902773,OK
23023873,1753780955,2025-07-29 09:22:35 UTC,257877918994304,257877918994304,1030509773843423396,1030509773843423396,-2033625269190553,0,OK
23016673,1753693943,2025-07-28 09:12:23 UTC,257040791253200,257040791253200,1030014469912703735,1030014469912703735,-3246217219251295,0,OK
23009473,1753607195,2025-07-27 09:06:35 UTC,265148128557588,265148128557588,1029567843181185089,1029567843181185089,31541053327998065,0,OK
23002273,1753520267,2025-07-26 08:57:47 UTC,265664932760205,265664932760205,1029083578778022164,1029083578778022164,1949115030260356,0,OK
22995073,1753433327,2025-07-25 08:48:47 UTC,273754787704353,273754787704353,1028552291524822204,1028552291524822204,30451346589465312,0,OK
22987873,1753346243,2025-07-24 08:37:23 UTC,275502744985374,275502744985374,1028219902217042222,1028219902217042222,6385120405304990,0,OK
22951873,1752911507,2025-07-19 07:51:47 UTC,279181484953156,279181484953156,1026832056738046148,1026832056738046148,2670565019580693,0,OK
22944673,1752824675,2025-07-18 07:44:35 UTC,275633198364943,275633198364943,1026443329325909128,1026443329325909128,-12709605684661964,0,OK
22937473,1752737867,2025-07-17 07:37:47 UTC,291883024958917,291883024958917,1026071314530234427,1026071314530234427,58954533381203797,72642058823729894,OK
22930273,1752651107,2025-07-16 07:31:47 UTC,316622022961429,316622022961429,1025759797804891812,1025759797804891812,84756549326546322,88847894410674063,OK
22923073,1752564323,2025-07-15 07:25:23 UTC,334530052782700,334530052782700,1025465676059541469,1025465676059541469,56559646905713068,62778817933559984,OK
22915873,1752477467,2025-07-14 07:17:47 UTC,330406166142023,330406166142023,1025303027148205780,1025303027148205780,-12327402594695266,0,OK
22908673,1752390551,2025-07-13 07:09:11 UTC,337113246468710,337113246468710,1024925873808712034,1024925873808712034,20299501080751634,0,OK
22901473,1752303839,2025-07-12 07:03:59 UTC,337923417635183,337923417635183,1024750791097395457,1024750791097395457,2403261144317561,0,OK
22894273,1752216863,2025-07-11 06:54:23 UTC,334205609975369,334205609975369,1024371950605581172,1024371950605581172,-11001923707541597,0,OK
22887073,1752129923,2025-07-10 06:45:23 UTC,357871381025659,357871381025659,1024099292998121645,1024099292998121645,70812010163546239,80430070241879162,OK
22879873,1752042899,2025-07-09 06:34:59 UTC,380602632506616,380602632506616,1023852474597154288,1023852474597154288,63517936013238212,70157902194852564,OK
22843873,1751608211,2025-07-04 05:50:11 UTC,387669023694330,387669023694330,1022657347468889468,1022657347468889468,3713264483314452,0,OK
22836673,1751521223,2025-07-03 05:40:23 UTC,385952114921101,385952114921101,1022305235347160731,1022305235347160731,-4428800518719679,0,OK
22829473,1751434367,2025-07-02 05:32:47 UTC,409994078076162,409994078076162,1022025635922268994,1022025635922268994,62292606324947394,62292606324947394,OK
22807873,1751173391,2025-06-29 05:03:11 UTC,411469530300054,411469530300054,1021375916342945100,1021375916342945100,1199571979848543,0,OK
22771873,1750738967,2025-06-24 04:22:47 UTC,417369952426920,417369952426920,1020142167581618455,1020142167581618455,2867975241113607,0,OK
22735873,1750304075,2025-06-19 03:34:35 UTC,396988098931974,396988098931974,1018993490914565673,1018993490914565673,-9766804426830314,0,OK
22699873,1749868871,2025-06-14 02:41:11 UTC,390611267572624,390611267572624,1017629065344756199,1017629065344756199,-3212605806826820,0,OK
22663873,1749434051,2025-06-09 01:54:11 UTC,399947646213194,399947646213194,1016042917133882908,1016042917133882908,4780393918787375,0,OK
22627873,1748998931,2025-06-04 01:02:11 UTC,384691288642420,384691288642420,1014594013675827889,1014594013675827889,-7629177326195102,0,OK
22591873,1748563667,2025-05-30 00:07:47 UTC,379374486538830,379374486538830,1013249907401134245,1013249907401134245,-2764191579358636,0,OK
22555873,1748128067,2025-05-24 23:07:47 UTC,396987657653723,396987657653723,1011454339135704565,1011454339135704565,9285374604699593,0,OK
22519873,1747692431,2025-05-19 22:07:11 UTC,397153303807724,397153303807724,1009908751675684415,1009908751675684415,83451538508779,0,OK
22483873,1747255703,2025-05-14 20:48:23 UTC,384071093685658,384071093685658,1008764550067730277,1008764550067730277,-6587990076698222,0,OK
22476673,1747168163,2025-05-13 20:29:23 UTC,374289318157149,374289318157149,1008547414618065155,1008547414618065155,-25468658509653083,0,OK
22469473,1747080611,2025-05-12 20:10:11 UTC,406662461357113,406662461357113,1008335526630840216,1008335526630840216,86492297881639843,99359739287154105,OK
22462273,1746992939,2025-05-11 19:48:59 UTC,396284437117585,396284437117585,1008108111275138174,1008108111275138174,-25519995636908512,0,OK
22455073,1746905399,2025-05-10 19:29:59 UTC,401282911152318,401282911152318,1007880128092995940,1007880128092995940,12613349318206658,0,OK
22447873,1746817811,2025-05-09 19:10:11 UTC,426312037813432,426312037813432,1007597287815386550,1007597287815386550,62372769847688591,68604660191593046,OK
22440673,1746730019,2025-05-08 18:46:59 UTC,484963556627338,484963556627338,1007291997119723381,1007291997119723381,137578847444072903,137578847444072903,OK
22433473,1746641999,2025-05-07 18:19:59 UTC,556619316916774,556619316916774,1007143875465824150,1007143875465824150,147754938098366535,148973160081085506,OK
22411873,1746379607,2025-05-04 17:26:47 UTC,547297445215525,547297445215525,1006433377724750494,1006433377724750494,-5582433941198637,0,OK
22375873,1745943659,2025-04-29 16:20:59 UTC,550776165615098,550776165615098,1005623055177689327,1005623055177689327,1271235753056762,0,OK
22339873,1745509895,2025-04-24 15:51:35 UTC,565937362052767,565937362052767,1004513753532396031,1004513753532396031,5505393074058394,0,OK
22332673,1745422991,2025-04-23 15:43:11 UTC,562183069294685,562183069294685,1004089094593774542,1004089094593774542,-6633760217675745,0,OK
22325473,1745336075,2025-04-22 15:34:35 UTC,589820871401355,589820871401355,1004089094593774542,1004089094593774542,49161569631302473,0,OK
22318273,1745249291,2025-04-21 15:28:11 UTC,614548828977206,614548828977206,1003882182234451936,1003882182234451936,41924521112825089,0,OK
22303873,1745075615,2025-04-19 15:13:35 UTC,622952995619984,622952995619984,1003460913968100006,1003460913968100006,6837672001397398,0,OK
22267873,1744641491,2025-04-14 14:38:11 UTC,597741045564804,597741045564804,1002374386625714917,1002374386625714917,-8094334639193190,0,OK
22253473,1744468019,2025-04-12 14:26:59 UTC,603130773764093,603130773764093,1001955806833676272,1001955806833676272,4508414002418270,0,OK
22246273,1744381403,2025-04-11 14:23:23 UTC,643901258912944,643901258912944,1001724276971827672,1001724276971827672,67598084731119790,70734163924725692,OK
22239073,1744294643,2025-04-10 14:17:23 UTC,639485338798296,639485338798296,1001515074434194724,1001515074434194724,-6858070322929803,0,OK
22231873,1744208027,2025-04-09 14:13:47 UTC,674683346741209,674683346741209,1001292568843097810,1001292568843097810,55041149198285247,66264699171187496,OK
22224673,1744121171,2025-04-08 14:06:11 UTC,632308838099946,632308838099946,1001082665830856856,1001082665830856856,-62806513375402403,62806513375402403,OK
22217473,1744034339,2025-04-07 13:58:59 UTC,647008079390983,647008079390983,1000825051026861730,1000825051026861730,23246933152488313,0,OK
22210273,1743947363,2025-04-06 13:49:23 UTC,567332020252071,567332020252071,1000238388739555990,1000238388739555990,-123145385161047190,123145385161047190,OK
22195873,1743773555,2025-04-04 13:32:35 UTC,559331271898913,559331271898913,1000238388739555990,1000238388739555990,-7051204645212156,0,OK
22159873,1743339467,2025-03-30 12:57:47 UTC,543827196950391,543827196950391,1000000000000000000,1000000000000000000,-5543789781639109,0,OK
22152673,1743252659,2025-03-29 12:50:59 UTC,539162034366188,539162034366188,1000000000000000000,1000000000000000000,-8578391463986612,0,OK
22145473,1743165659,2025-03-28 12:40:59 UTC,530590858599617,530590858599617,1000000000000000000,1000000000000000000,-15897216829532233,0,OK
22138273,1743078755,2025-03-27 12:32:35 UTC,495978261074425,495978261074425,1000000000000000000,1000000000000000000,-65234063052923062,66647180911913144,OK
22131073,1742992019,2025-03-26 12:26:59 UTC,485411506146766,485411506146766,1000000000000000000,1000000000000000000,-21304875146681852,0,OK
22123873,1742905175,2025-03-25 12:19:35 UTC,483272015762736,483272015762736,1000000000000000000,1000000000000000000,-4407580695837723,0,OK
22087873,1742471267,2025-03-20 11:47:47 UTC,501940482580949,501940482580949,1000000000000000000,1000000000000000000,7725862954737418,0,OK
22051873,1742036795,2025-03-15 11:06:35 UTC,0,0,0,0,0,0,NO_CODE
